Date,Espa√±a,Alemania,Corea del Norte
2020-01-22 00:00:00+00:00,0.0,0.0,0
2020-01-23 00:00:00+00:00,0.0,0.0,0
2020-01-24 00:00:00+00:00,0.0,0.0,0
2020-01-25 00:00:00+00:00,0.0,0.0,0
2020-01-26 00:00:00+00:00,0.0,0.0,0
2020-01-27 00:00:00+00:00,0.0,1.0,0
2020-01-28 00:00:00+00:00,0.0,4.0,0
2020-01-29 00:00:00+00:00,0.0,4.0,0
2020-01-30 00:00:00+00:00,0.0,4.0,0
2020-01-31 00:00:00+00:00,0.0,5.0,0
2020-02-01 00:00:00+00:00,1.0,8.0,0
2020-02-02 00:00:00+00:00,1.0,10.0,0
2020-02-03 00:00:00+00:00,1.0,12.0,0
2020-02-04 00:00:00+00:00,1.0,12.0,0
2020-02-05 00:00:00+00:00,1.0,12.0,0
2020-02-06 00:00:00+00:00,1.0,12.0,0
2020-02-07 00:00:00+00:00,1.0,13.0,0
2020-02-08 00:00:00+00:00,1.0,13.0,0
2020-02-09 00:00:00+00:00,2.0,14.0,0
2020-02-10 00:00:00+00:00,2.0,14.0,0
2020-02-11 00:00:00+00:00,2.0,16.0,0
2020-02-12 00:00:00+00:00,2.0,16.0,0
2020-02-13 00:00:00+00:00,2.0,16.0,0
2020-02-14 00:00:00+00:00,2.0,16.0,0
2020-02-15 00:00:00+00:00,2.0,16.0,0
2020-02-16 00:00:00+00:00,2.0,16.0,0
2020-02-17 00:00:00+00:00,2.0,16.0,0
2020-02-18 00:00:00+00:00,2.0,16.0,0
2020-02-19 00:00:00+00:00,2.0,16.0,0
2020-02-20 00:00:00+00:00,2.0,16.0,0
2020-02-21 00:00:00+00:00,2.0,16.0,0
2020-02-22 00:00:00+00:00,2.0,16.0,0
2020-02-23 00:00:00+00:00,2.0,16.0,0
2020-02-24 00:00:00+00:00,2.0,16.0,0
2020-02-25 00:00:00+00:00,6.0,16.0,0
2020-02-26 00:00:00+00:00,13.0,21.0,0
2020-02-27 00:00:00+00:00,15.0,26.0,0
2020-02-28 00:00:00+00:00,32.0,53.0,0
2020-02-29 00:00:00+00:00,45.0,66.0,0
2020-03-01 00:00:00+00:00,84.0,117.0,0
2020-03-02 00:00:00+00:00,120.0,150.0,0
2020-03-03 00:00:00+00:00,165.0,188.0,0
2020-03-04 00:00:00+00:00,222.0,240.0,0
2020-03-05 00:00:00+00:00,259.0,349.0,0
2020-03-06 00:00:00+00:00,400.0,534.0,0
2020-03-07 00:00:00+00:00,500.0,684.0,0
2020-03-08 00:00:00+00:00,673.0,847.0,0
2020-03-09 00:00:00+00:00,1073.0,1112.0,0
2020-03-10 00:00:00+00:00,1695.0,1296.0,0
2020-03-11 00:00:00+00:00,2277.0,1567.0,0
2020-03-12 00:00:00+00:00,2277.0,2369.0,0
2020-03-13 00:00:00+00:00,5232.0,3062.0,0
2020-03-14 00:00:00+00:00,6391.0,3795.0,0
2020-03-15 00:00:00+00:00,7798.0,4838.0,0
2020-03-16 00:00:00+00:00,9942.0,6012.0,0
2020-03-17 00:00:00+00:00,11748.0,7156.0,0
2020-03-18 00:00:00+00:00,13910.0,8198.0,0
2020-03-19 00:00:00+00:00,17963.0,10999.0,0
2020-03-20 00:00:00+00:00,20410.0,13957.0,0
2020-03-21 00:00:00+00:00,25374.0,16662.0,0
2020-03-22 00:00:00+00:00,28768.0,18610.0,0
2020-03-23 00:00:00+00:00,35136.0,22672.0,0
2020-03-24 00:00:00+00:00,39885.0,27436.0,0
2020-03-25 00:00:00+00:00,49515.0,31554.0,0
2020-03-26 00:00:00+00:00,57786.0,36508.0,0
2020-03-27 00:00:00+00:00,65719.0,42288.0,0
2020-03-28 00:00:00+00:00,73235.0,48582.0,0
2020-03-29 00:00:00+00:00,80110.0,52547.0,0
2020-03-30 00:00:00+00:00,87956.0,57298.0,0
2020-03-31 00:00:00+00:00,95923.0,61913.0,0
2020-04-01 00:00:00+00:00,104118.0,67366.0,0
2020-04-02 00:00:00+00:00,112065.0,73522.0,0
2020-04-03 00:00:00+00:00,119199.0,79696.0,0
2020-04-04 00:00:00+00:00,126168.0,85778.0,0
2020-04-05 00:00:00+00:00,131646.0,91714.0,0
2020-04-06 00:00:00+00:00,136675.0,95391.0,0
2020-04-07 00:00:00+00:00,141942.0,99225.0,0
2020-04-08 00:00:00+00:00,148220.0,103228.0,0
2020-04-09 00:00:00+00:00,153222.0,108202.0,0
2020-04-10 00:00:00+00:00,158273.0,113525.0,0
2020-04-11 00:00:00+00:00,163027.0,117658.0,0
2020-04-12 00:00:00+00:00,166831.0,120479.0,0
2020-04-13 00:00:00+00:00,170099.0,123016.0,0
2020-04-14 00:00:00+00:00,172541.0,125098.0,0
2020-04-15 00:00:00+00:00,177644.0,127584.0,0
2020-04-16 00:00:00+00:00,184948.0,130450.0,0
2020-04-17 00:00:00+00:00,190839.0,133830.0,0
2020-04-18 00:00:00+00:00,191726.0,137439.0,0
2020-04-19 00:00:00+00:00,198674.0,139897.0,0
2020-04-20 00:00:00+00:00,200210.0,141672.0,0
2020-04-21 00:00:00+00:00,204178.0,143457.0,0
2020-04-22 00:00:00+00:00,208389.0,145694.0,0
2020-04-23 00:00:00+00:00,213024.0,148046.0,0
2020-04-24 00:00:00+00:00,202990.0,150383.0,0
2020-04-25 00:00:00+00:00,205905.0,152438.0,0
2020-04-26 00:00:00+00:00,207634.0,154175.0,0
2020-04-27 00:00:00+00:00,209465.0,155193.0,0
2020-04-28 00:00:00+00:00,210773.0,156337.0,0
2020-04-29 00:00:00+00:00,212917.0,157641.0,0
2020-04-30 00:00:00+00:00,213435.0,159119.0,0
2020-05-01 00:00:00+00:00,215216.0,160758.0,0
2020-05-02 00:00:00+00:00,216582.0,161703.0,0
2020-05-03 00:00:00+00:00,217466.0,162496.0,0
2020-05-04 00:00:00+00:00,218011.0,163175.0,0
2020-05-05 00:00:00+00:00,219329.0,163860.0,0
2020-05-06 00:00:00+00:00,220325.0,164807.0,0
2020-05-07 00:00:00+00:00,221447.0,166091.0,0
2020-05-08 00:00:00+00:00,222857.0,167300.0,0
2020-05-09 00:00:00+00:00,223578.0,168551.0,0
2020-05-10 00:00:00+00:00,224350.0,169218.0,0
2020-05-11 00:00:00+00:00,227436.0,169575.0,0
2020-05-12 00:00:00+00:00,228030.0,170508.0,0
2020-05-13 00:00:00+00:00,228691.0,171306.0,0
2020-05-14 00:00:00+00:00,229540.0,172239.0,0
2020-05-15 00:00:00+00:00,230183.0,173152.0,0
2020-05-16 00:00:00+00:00,230698.0,173772.0,0
2020-05-17 00:00:00+00:00,230698.0,174355.0,0
2020-05-18 00:00:00+00:00,231606.0,174697.0,0
2020-05-19 00:00:00+00:00,232037.0,175210.0,0
2020-05-20 00:00:00+00:00,232555.0,176007.0,0
2020-05-21 00:00:00+00:00,233037.0,176752.0,0
2020-05-22 00:00:00+00:00,234824.0,177212.0,0
2020-05-23 00:00:00+00:00,235290.0,177850.0,0
2020-05-24 00:00:00+00:00,235772.0,178281.0,0
2020-05-25 00:00:00+00:00,235400.0,178570.0,0
2020-05-26 00:00:00+00:00,236259.0,179002.0,0
2020-05-27 00:00:00+00:00,236259.0,179364.0,0
2020-05-28 00:00:00+00:00,237906.0,179717.0,0
2020-05-29 00:00:00+00:00,238564.0,180458.0,0
2020-05-30 00:00:00+00:00,239228.0,181196.0,0
2020-05-31 00:00:00+00:00,239479.0,181482.0,0
2020-06-01 00:00:00+00:00,239638.0,181815.0,0
2020-06-02 00:00:00+00:00,239932.0,182028.0,0
2020-06-03 00:00:00+00:00,240326.0,182370.0,0
2020-06-04 00:00:00+00:00,240660.0,182764.0,0
2020-06-05 00:00:00+00:00,240978.0,183271.0,0
2020-06-06 00:00:00+00:00,241310.0,183678.0,0
2020-06-07 00:00:00+00:00,241550.0,183979.0,0
2020-06-08 00:00:00+00:00,241717.0,184193.0,0
2020-06-09 00:00:00+00:00,241966.0,184543.0,0
2020-06-10 00:00:00+00:00,242280.0,184861.0,0
2020-06-11 00:00:00+00:00,242707.0,185416.0,0
2020-06-12 00:00:00+00:00,243209.0,185674.0,0
2020-06-13 00:00:00+00:00,243605.0,186022.0,0
2020-06-14 00:00:00+00:00,243928.0,186269.0,0
2020-06-15 00:00:00+00:00,244109.0,186461.0,0
2020-06-16 00:00:00+00:00,244328.0,186839.0,0
2020-06-17 00:00:00+00:00,244683.0,187184.0,0
2020-06-18 00:00:00+00:00,245268.0,187764.0,0
2020-06-19 00:00:00+00:00,245575.0,188534.0,0
2020-06-20 00:00:00+00:00,245938.0,189135.0,0
2020-06-21 00:00:00+00:00,246272.0,189822.0,0
2020-06-22 00:00:00+00:00,246504.0,190359.0,0
2020-06-23 00:00:00+00:00,246752.0,190862.0,0
2020-06-24 00:00:00+00:00,247086.0,191449.0,0
2020-06-25 00:00:00+00:00,247486.0,192079.0,0
2020-06-26 00:00:00+00:00,247905.0,192556.0,0
2020-06-27 00:00:00+00:00,248469.0,193243.0,0
2020-06-28 00:00:00+00:00,248770.0,193499.0,0
2020-06-29 00:00:00+00:00,248970.0,193761.0,0
2020-06-30 00:00:00+00:00,249271.0,194259.0,0
2020-07-01 00:00:00+00:00,249659.0,194725.0,0
2020-07-02 00:00:00+00:00,250103.0,195228.0,0
2020-07-03 00:00:00+00:00,250545.0,195674.0,0
2020-07-04 00:00:00+00:00,250545.0,196096.0,0
2020-07-05 00:00:00+00:00,250545.0,196335.0,0
2020-07-06 00:00:00+00:00,251789.0,196554.0,0
2020-07-07 00:00:00+00:00,252130.0,196944.0,0
2020-07-08 00:00:00+00:00,252513.0,197341.0,0
2020-07-09 00:00:00+00:00,253056.0,197783.0,0
2020-07-10 00:00:00+00:00,253908.0,198178.0,0
2020-07-11 00:00:00+00:00,253908.0,198556.0,0
2020-07-12 00:00:00+00:00,253908.0,198804.0,0
2020-07-13 00:00:00+00:00,255953.0,198963.0,0
2020-07-14 00:00:00+00:00,256619.0,199375.0,0
2020-07-15 00:00:00+00:00,257494.0,199726.0,0
2020-07-16 00:00:00+00:00,258855.0,200260.0,0
2020-07-17 00:00:00+00:00,260255.0,200843.0,0
2020-07-18 00:00:00+00:00,260255.0,201372.0,0
2020-07-19 00:00:00+00:00,260255.0,201574.0,0
2020-07-20 00:00:00+00:00,264836.0,201823.0,0
2020-07-21 00:00:00+00:00,266194.0,202345.0,0
2020-07-22 00:00:00+00:00,267551.0,202799.0,0
2020-07-23 00:00:00+00:00,270166.0,203368.0,0
2020-07-24 00:00:00+00:00,272421.0,204183.0,0
2020-07-25 00:00:00+00:00,272421.0,204964.0,0
2020-07-26 00:00:00+00:00,272421.0,205269.0,0
2020-07-27 00:00:00+00:00,278782.0,205609.0,0
2020-07-28 00:00:00+00:00,280610.0,206242.0,0
2020-07-29 00:00:00+00:00,282641.0,206926.0,0
2020-07-30 00:00:00+00:00,285430.0,207828.0,0
2020-07-31 00:00:00+00:00,288522.0,208698.0,0
2020-08-01 00:00:00+00:00,288522.0,209653.0,0
2020-08-02 00:00:00+00:00,288522.0,209893.0,0
2020-08-03 00:00:00+00:00,297054.0,210402.0,0
2020-08-04 00:00:00+00:00,302814.0,211281.0,0
2020-08-05 00:00:00+00:00,305767.0,212022.0,0
2020-08-06 00:00:00+00:00,309855.0,213067.0,0
2020-08-07 00:00:00+00:00,314362.0,214214.0,0
2020-08-08 00:00:00+00:00,314362.0,215336.0,0
2020-08-09 00:00:00+00:00,314362.0,215891.0,0
2020-08-10 00:00:00+00:00,322980.0,216327.0,0
2020-08-11 00:00:00+00:00,326612.0,217293.0,0
2020-08-12 00:00:00+00:00,329784.0,218519.0,0
2020-08-13 00:00:00+00:00,337334.0,219964.0,0
2020-08-14 00:00:00+00:00,342813.0,221413.0,0
2020-08-15 00:00:00+00:00,342813.0,222828.0,0
2020-08-16 00:00:00+00:00,342813.0,223453.0,0
2020-08-17 00:00:00+00:00,359082.0,224014.0,0
2020-08-18 00:00:00+00:00,364196.0,225404.0,0
2020-08-19 00:00:00+00:00,370867.0,226914.0,0
2020-08-20 00:00:00+00:00,377906.0,228621.0,0
2020-08-21 00:00:00+00:00,386054.0,230048.0,0
2020-08-22 00:00:00+00:00,386054.0,232082.0,0
2020-08-23 00:00:00+00:00,386054.0,232864.0,0
2020-08-24 00:00:00+00:00,405436.0,233575.0,0
2020-08-25 00:00:00+00:00,412553.0,234853.0,0
2020-08-26 00:00:00+00:00,419849.0,236429.0,0
2020-08-27 00:00:00+00:00,429507.0,237936.0,0
2020-08-28 00:00:00+00:00,439286.0,239507.0,0
2020-08-29 00:00:00+00:00,439286.0,240986.0,0
2020-08-30 00:00:00+00:00,439286.0,241771.0,0
2020-08-31 00:00:00+00:00,462858.0,242381.0,0
2020-09-01 00:00:00+00:00,470973.0,243599.0,0
2020-09-02 00:00:00+00:00,479554.0,244855.0,0
2020-09-03 00:00:00+00:00,488513.0,246166.0,0
2020-09-04 00:00:00+00:00,498989.0,247619.0,0
2020-09-05 00:00:00+00:00,498989.0,248997.0,0
2020-09-06 00:00:00+00:00,498989.0,249985.0,0
2020-09-07 00:00:00+00:00,525549.0,250799.0,0
2020-09-08 00:00:00+00:00,534513.0,252298.0,0
2020-09-09 00:00:00+00:00,543379.0,253474.0,0
2020-09-10 00:00:00+00:00,554143.0,255366.0,0
2020-09-11 00:00:00+00:00,566326.0,256850.0,0
2020-09-12 00:00:00+00:00,566326.0,258480.0,0
2020-09-13 00:00:00+00:00,566326.0,259428.0,0
2020-09-14 00:00:00+00:00,593730.0,260355.0,0
2020-09-15 00:00:00+00:00,603167.0,261762.0,0
2020-09-16 00:00:00+00:00,614360.0,263663.0,0
2020-09-17 00:00:00+00:00,625651.0,265857.0,0
2020-09-18 00:00:00+00:00,640040.0,267773.0,0
2020-09-19 00:00:00+00:00,640040.0,270070.0,0
2020-09-20 00:00:00+00:00,640040.0,271415.0,0
2020-09-21 00:00:00+00:00,671468.0,272337.0,0
2020-09-22 00:00:00+00:00,682267.0,274158.0,0
2020-09-23 00:00:00+00:00,693556.0,275927.0,0
2020-09-24 00:00:00+00:00,704209.0,278070.0,0
2020-09-25 00:00:00+00:00,716481.0,280223.0,0
2020-09-26 00:00:00+00:00,716481.0,282730.0,0
2020-09-27 00:00:00+00:00,716481.0,284140.0,0
2020-09-28 00:00:00+00:00,748266.0,285332.0,0
2020-09-29 00:00:00+00:00,748266.0,287421.0,0
2020-09-30 00:00:00+00:00,769188.0,289219.0,0
2020-10-01 00:00:00+00:00,778607.0,291722.0,0
2020-10-02 00:00:00+00:00,789932.0,294395.0,0
2020-10-03 00:00:00+00:00,789932.0,296958.0,0
2020-10-04 00:00:00+00:00,789932.0,299237.0,0
2020-10-05 00:00:00+00:00,813412.0,300619.0,0
2020-10-06 00:00:00+00:00,825410.0,303258.0,0
2020-10-07 00:00:00+00:00,835901.0,306086.0,0
2020-10-08 00:00:00+00:00,848324.0,310144.0,0
2020-10-09 00:00:00+00:00,861112.0,314660.0,0
2020-10-10 00:00:00+00:00,861112.0,319381.0,0
2020-10-11 00:00:00+00:00,861112.0,322864.0,0
2020-10-12 00:00:00+00:00,888968.0,325331.0,0
2020-10-13 00:00:00+00:00,896086.0,329453.0,0
2020-10-14 00:00:00+00:00,908056.0,334585.0,0
2020-10-15 00:00:00+00:00,921374.0,341223.0,0
2020-10-16 00:00:00+00:00,936560.0,348557.0,0
2020-10-17 00:00:00+00:00,936560.0,356387.0,0
2020-10-18 00:00:00+00:00,936560.0,361974.0,0
2020-10-19 00:00:00+00:00,974449.0,366299.0,0
2020-10-20 00:00:00+00:00,988322.0,373167.0,0
2020-10-21 00:00:00+00:00,1005295.0,380762.0,0
2020-10-22 00:00:00+00:00,1026281.0,392049.0,0
2020-10-23 00:00:00+00:00,1046132.0,403291.0,0
2020-10-24 00:00:00+00:00,1046132.0,418005.0,0
2020-10-25 00:00:00+00:00,1046132.0,429181.0,0
2020-10-26 00:00:00+00:00,1098320.0,437866.0,0
2020-10-27 00:00:00+00:00,1116738.0,449275.0,0
2020-10-28 00:00:00+00:00,1136503.0,464239.0,0
2020-10-29 00:00:00+00:00,1160083.0,481013.0,0
2020-10-30 00:00:00+00:00,1185678.0,499694.0,0
2020-10-31 00:00:00+00:00,1185678.0,518753.0,0
2020-11-01 00:00:00+00:00,1185678.0,532930.0,0
2020-11-02 00:00:00+00:00,1240697.0,545027.0,0
2020-11-03 00:00:00+00:00,1259366.0,560379.0,0
2020-11-04 00:00:00+00:00,1284408.0,577593.0,0
2020-11-05 00:00:00+00:00,1306316.0,597583.0,0
2020-11-06 00:00:00+00:00,1328832.0,619089.0,0
2020-11-07 00:00:00+00:00,1328832.0,642488.0,0
2020-11-08 00:00:00+00:00,1328832.0,658505.0,0
2020-11-09 00:00:00+00:00,1381218.0,671868.0,0
2020-11-10 00:00:00+00:00,1381218.0,687200.0,0
2020-11-11 00:00:00+00:00,1417709.0,705687.0,0
2020-11-12 00:00:00+00:00,1437220.0,727553.0,0
2020-11-13 00:00:00+00:00,1458591.0,751095.0,0
2020-11-14 00:00:00+00:00,1458591.0,773556.0,0
2020-11-15 00:00:00+00:00,1458591.0,790503.0,0
2020-11-16 00:00:00+00:00,1496864.0,801327.0,0
2020-11-17 00:00:00+00:00,1510023.0,815746.0,0
2020-11-18 00:00:00+00:00,1525341.0,833307.0,0
2020-11-19 00:00:00+00:00,1541574.0,855916.0,0
2020-11-20 00:00:00+00:00,1556730.0,879564.0,0
2020-11-21 00:00:00+00:00,1556730.0,902528.0,0
2020-11-22 00:00:00+00:00,1556730.0,918269.0,0
2020-11-23 00:00:00+00:00,1582616.0,929133.0,0
2020-11-24 00:00:00+00:00,1594844.0,942687.0,0
2020-11-25 00:00:00+00:00,1605066.0,961320.0,0
2020-11-26 00:00:00+00:00,1617355.0,983588.0,0
2020-11-27 00:00:00+00:00,1628208.0,1006394.0,0
2020-11-28 00:00:00+00:00,1628208.0,1028089.0,0
2020-11-29 00:00:00+00:00,1628208.0,1042700.0,0
2020-11-30 00:00:00+00:00,1648187.0,1053869.0,0
2020-12-01 00:00:00+00:00,1656444.0,1067473.0,0
2020-12-02 00:00:00+00:00,1665775.0,1084743.0,0
2020-12-03 00:00:00+00:00,1675902.0,1106789.0,0
2020-12-04 00:00:00+00:00,1684647.0,1130238.0,0
2020-12-05 00:00:00+00:00,1684647.0,1153556.0,0
2020-12-06 00:00:00+00:00,1684647.0,1171323.0,0
2020-12-07 00:00:00+00:00,1702328.0,1183655.0,0
2020-12-08 00:00:00+00:00,1702328.0,1197709.0,0
2020-12-09 00:00:00+00:00,1712101.0,1218524.0,0
2020-12-10 00:00:00+00:00,1720056.0,1242203.0,0
2020-12-11 00:00:00+00:00,1730575.0,1272078.0,0
2020-12-12 00:00:00+00:00,1730575.0,1300516.0,0
2020-12-13 00:00:00+00:00,1730575.0,1320716.0,0
2020-12-14 00:00:00+00:00,1751884.0,1337078.0,0
2020-12-15 00:00:00+00:00,1762212.0,1351510.0,0
2020-12-16 00:00:00+00:00,1773290.0,1379238.0,0
2020-12-17 00:00:00+00:00,1785421.0,1406161.0,0
2020-12-18 00:00:00+00:00,1797236.0,1439938.0,0
2020-12-19 00:00:00+00:00,1797236.0,1471238.0,0
2020-12-20 00:00:00+00:00,1797236.0,1494009.0,0
2020-12-21 00:00:00+00:00,1819249.0,1510652.0,0
2020-12-22 00:00:00+00:00,1829903.0,1530180.0,0
2020-12-23 00:00:00+00:00,1842289.0,1554920.0,0
2020-12-24 00:00:00+00:00,1854951.0,1587115.0,0
2020-12-25 00:00:00+00:00,1854951.0,1612648.0,0
2020-12-26 00:00:00+00:00,1854951.0,1627103.0,0
2020-12-27 00:00:00+00:00,1854951.0,1640858.0,0
2020-12-28 00:00:00+00:00,1879413.0,1651834.0,0
2020-12-29 00:00:00+00:00,1893502.0,1664726.0,0
2020-12-30 00:00:00+00:00,1910218.0,1687185.0,0
2020-12-31 00:00:00+00:00,1928265.0,1719737.0,0
2021-01-01 00:00:00+00:00,1928265.0,1742661.0,0
2021-01-02 00:00:00+00:00,1928265.0,1755351.0,0
2021-01-03 00:00:00+00:00,1928265.0,1765666.0,0
2021-01-04 00:00:00+00:00,1958844.0,1775513.0,0
2021-01-05 00:00:00+00:00,1982544.0,1787410.0,0
2021-01-06 00:00:00+00:00,1982544.0,1808647.0,0
2021-01-07 00:00:00+00:00,2024904.0,1835038.0,0
2021-01-08 00:00:00+00:00,2050360.0,1866887.0,0
2021-01-09 00:00:00+00:00,2050360.0,1891581.0,0
2021-01-10 00:00:00+00:00,2050360.0,1908527.0,0
2021-01-11 00:00:00+00:00,2111782.0,1921024.0,0
2021-01-12 00:00:00+00:00,2137220.0,1933826.0,0
2021-01-13 00:00:00+00:00,2176089.0,1953426.0,0
2021-01-14 00:00:00+00:00,2211967.0,1978590.0,0
2021-01-15 00:00:00+00:00,2252164.0,2000958.0,0
2021-01-16 00:00:00+00:00,2252164.0,2019636.0,0
2021-01-17 00:00:00+00:00,2252164.0,2033518.0,0
2021-01-18 00:00:00+00:00,2336451.0,2040659.0,0
2021-01-19 00:00:00+00:00,2370742.0,2052028.0,0
2021-01-20 00:00:00+00:00,2412318.0,2068002.0,0
2021-01-21 00:00:00+00:00,2456675.0,2088400.0,0
2021-01-22 00:00:00+00:00,2499560.0,2106262.0,0
2021-01-23 00:00:00+00:00,2499560.0,2122679.0,0
2021-01-24 00:00:00+00:00,2499560.0,2134936.0,0
2021-01-25 00:00:00+00:00,2593382.0,2141665.0,0
2021-01-26 00:00:00+00:00,2629817.0,2148077.0,0
2021-01-27 00:00:00+00:00,2670102.0,2161275.0,0
2021-01-28 00:00:00+00:00,2705001.0,2178828.0,0
2021-01-29 00:00:00+00:00,2743119.0,2192850.0,0
2021-01-30 00:00:00+00:00,2743119.0,2205171.0,0
2021-01-31 00:00:00+00:00,2743119.0,2216363.0,0
2021-02-01 00:00:00+00:00,2822805.0,2221971.0,0
2021-02-02 00:00:00+00:00,2851869.0,2228085.0,0
2021-02-03 00:00:00+00:00,2883465.0,2237790.0,0
2021-02-04 00:00:00+00:00,2913425.0,2252001.0,0
2021-02-05 00:00:00+00:00,2941990.0,2264909.0,0
2021-02-06 00:00:00+00:00,2941990.0,2275394.0,0
2021-02-07 00:00:00+00:00,2941990.0,2284010.0,0
2021-02-08 00:00:00+00:00,2989085.0,2288545.0,0
2021-02-09 00:00:00+00:00,3005487.0,2291924.0,0
2021-02-10 00:00:00+00:00,3023601.0,2299996.0,0
2021-02-11 00:00:00+00:00,3041454.0,2310233.0,0
2021-02-12 00:00:00+00:00,3056035.0,2320093.0,0
2021-02-13 00:00:00+00:00,3056035.0,2328447.0,0
2021-02-14 00:00:00+00:00,3056035.0,2334561.0,0
2021-02-15 00:00:00+00:00,3086286.0,2338987.0,0
2021-02-16 00:00:00+00:00,3096343.0,2342843.0,0
2021-02-17 00:00:00+00:00,3107172.0,2350399.0,0
2021-02-18 00:00:00+00:00,3121687.0,2360606.0,0
2021-02-19 00:00:00+00:00,3133122.0,2369719.0,0
2021-02-20 00:00:00+00:00,3133122.0,2378883.0,0
2021-02-21 00:00:00+00:00,3133122.0,2386559.0,0
2021-02-22 00:00:00+00:00,3153971.0,2390928.0,0
2021-02-23 00:00:00+00:00,3161432.0,2394811.0,0
2021-02-24 00:00:00+00:00,3170644.0,2402818.0,0
2021-02-25 00:00:00+00:00,3180212.0,2414687.0,0
2021-02-26 00:00:00+00:00,3188553.0,2424684.0,0
2021-02-27 00:00:00+00:00,3188553.0,2434446.0,0
2021-02-28 00:00:00+00:00,3188553.0,2442336.0,0
2021-03-01 00:00:00+00:00,3204531.0,2447068.0,0
2021-03-02 00:00:00+00:00,3130184.0,2451011.0,0
2021-03-03 00:00:00+00:00,3136321.0,2460030.0,0
2021-03-04 00:00:00+00:00,3142358.0,2471942.0,0
2021-03-05 00:00:00+00:00,3149012.0,2482522.0,0
2021-03-06 00:00:00+00:00,3149012.0,2492079.0,0
2021-03-07 00:00:00+00:00,3149012.0,2500182.0,0
2021-03-08 00:00:00+00:00,3160970.0,2505193.0,0
2021-03-09 00:00:00+00:00,3164982.0,2509445.0,0
2021-03-10 00:00:00+00:00,3172101.0,2518591.0,0
2021-03-11 00:00:00+00:00,3178356.0,2532947.0,0
2021-03-12 00:00:00+00:00,3183704.0,2545781.0,0
2021-03-13 00:00:00+00:00,3183704.0,2558455.0,0
2021-03-14 00:00:00+00:00,3183704.0,2569245.0,0
2021-03-15 00:00:00+00:00,3195062.0,2575849.0,0
2021-03-16 00:00:00+00:00,3200024.0,2581329.0,0
2021-03-17 00:00:00+00:00,3206116.0,2594764.0,0
2021-03-18 00:00:00+00:00,3212332.0,2612268.0,0
2021-03-19 00:00:00+00:00,3212332.0,2629750.0,0
2021-03-20 00:00:00+00:00,3212332.0,2645783.0,0
2021-03-21 00:00:00+00:00,3212332.0,2659516.0,0
2021-03-22 00:00:00+00:00,3228803.0,2667225.0,0
2021-03-23 00:00:00+00:00,3234319.0,2674710.0,0
2021-03-24 00:00:00+00:00,3234319.0,2690523.0,0
2021-03-25 00:00:00+00:00,3247738.0,2713180.0,0
2021-03-26 00:00:00+00:00,3255324.0,2734753.0,0
2021-03-27 00:00:00+00:00,3255324.0,2755225.0,0
2021-03-28 00:00:00+00:00,3255324.0,2772401.0,0
2021-03-29 00:00:00+00:00,3270825.0,2782273.0,0
2021-03-30 00:00:00+00:00,3275819.0,2791822.0,0
2021-03-31 00:00:00+00:00,3284353.0,2808873.0,0
2021-04-01 00:00:00+00:00,3291394.0,2833173.0,0
2021-04-02 00:00:00+00:00,3291394.0,2855061.0,0
2021-04-03 00:00:00+00:00,3300965.0,2873190.0,0
2021-04-04 00:00:00+00:00,3300965.0,2885386.0,0
2021-04-05 00:00:00+00:00,3311325.0,2893883.0,0
2021-04-06 00:00:00+00:00,3317948.0,2900768.0,0
2021-04-07 00:00:00+00:00,3326736.0,2910445.0,0
2021-04-08 00:00:00+00:00,3336637.0,2930852.0,0
2021-04-09 00:00:00+00:00,3347512.0,2956316.0,0
2021-04-10 00:00:00+00:00,3347512.0,2980413.0,0
2021-04-11 00:00:00+00:00,3347512.0,2998268.0,0
2021-04-12 00:00:00+00:00,3370256.0,3011513.0,0
2021-04-13 00:00:00+00:00,3376548.0,3022323.0,0
2021-04-14 00:00:00+00:00,3387022.0,3044016.0,0
2021-04-15 00:00:00+00:00,3396685.0,3073442.0,0
2021-04-16 00:00:00+00:00,3407283.0,3099273.0,0
2021-04-17 00:00:00+00:00,3407283.0,3123077.0,0
2021-04-18 00:00:00+00:00,3407283.0,3142262.0,0
2021-04-19 00:00:00+00:00,3428354.0,3153699.0,0
2021-04-20 00:00:00+00:00,3428354.0,3163308.0,0
2021-04-21 00:00:00+00:00,3446072.0,3188192.0,0
2021-04-22 00:00:00+00:00,3456886.0,3217710.0,0
2021-04-23 00:00:00+00:00,3468617.0,3245253.0,0
2021-04-24 00:00:00+00:00,3468617.0,3268645.0,0
2021-04-25 00:00:00+00:00,3468617.0,3287418.0,0
2021-04-26 00:00:00+00:00,3488469.0,3299325.0,0
2021-04-27 00:00:00+00:00,3496134.0,3310301.0,0
2021-04-28 00:00:00+00:00,3504799.0,3332532.0,0
2021-04-29 00:00:00+00:00,3514942.0,3357268.0,0
2021-04-30 00:00:00+00:00,3524077.0,3381597.0,0
2021-05-01 00:00:00+00:00,3524077.0,3400532.0,0
2021-05-02 00:00:00+00:00,3524077.0,3416822.0,0
2021-05-03 00:00:00+00:00,3540430.0,3425982.0,0
2021-05-04 00:00:00+00:00,3544945.0,3433516.0,0
2021-05-05 00:00:00+00:00,3551262.0,3451550.0,0
2021-05-06 00:00:00+00:00,3559222.0,3473503.0,0
2021-05-07 00:00:00+00:00,3567408.0,3491988.0,0
2021-05-08 00:00:00+00:00,3567408.0,3507673.0,0
2021-05-09 00:00:00+00:00,3567408.0,3520329.0,0
2021-05-10 00:00:00+00:00,3581392.0,3527251.0,0
2021-05-11 00:00:00+00:00,3586333.0,3533376.0,0
2021-05-12 00:00:00+00:00,3592751.0,3548285.0,0
2021-05-13 00:00:00+00:00,3598452.0,3565704.0,0
2021-05-14 00:00:00+00:00,3604799.0,3577040.0,0
2021-05-15 00:00:00+00:00,3604799.0,3584934.0,0
2021-05-16 00:00:00+00:00,3604799.0,3593434.0,0
2021-05-17 00:00:00+00:00,3615860.0,3598846.0,0
2021-05-18 00:00:00+00:00,3619848.0,3603055.0,0
2021-05-19 00:00:00+00:00,3625928.0,3614095.0,0
2021-05-20 00:00:00+00:00,3631661.0,3626393.0,0
2021-05-21 00:00:00+00:00,3636453.0,3635162.0,0
2021-05-22 00:00:00+00:00,3636453.0,3642244.0,0
2021-05-23 00:00:00+00:00,3636453.0,3648958.0,0
2021-05-24 00:00:00+00:00,3647520.0,3651640.0,0
2021-05-25 00:00:00+00:00,3652879.0,3653551.0,0
2021-05-26 00:00:00+00:00,3657886.0,3656177.0,0
2021-05-27 00:00:00+00:00,3663176.0,3662490.0,0
2021-05-28 00:00:00+00:00,3668658.0,3669870.0,0
2021-05-29 00:00:00+00:00,3668658.0,3675296.0,0
2021-05-30 00:00:00+00:00,3668658.0,3679148.0,0
2021-05-31 00:00:00+00:00,3678390.0,3681126.0,0
2021-06-01 00:00:00+00:00,3682778.0,3682911.0,0
2021-06-02 00:00:00+00:00,3687762.0,3687828.0,0
2021-06-03 00:00:00+00:00,3693012.0,3692468.0,0
2021-06-04 00:00:00+00:00,3697981.0,3695633.0,0
2021-06-05 00:00:00+00:00,3697981.0,3697927.0,0
2021-06-06 00:00:00+00:00,3697981.0,3700367.0,0
2021-06-07 00:00:00+00:00,3707523.0,3701484.0,0
2021-06-08 00:00:00+00:00,3711027.0,3702688.0,0
2021-06-09 00:00:00+00:00,3715454.0,3705942.0,0
2021-06-10 00:00:00+00:00,3729458.0,3709129.0,0
2021-06-11 00:00:00+00:00,3733600.0,3711569.0,0
2021-06-12 00:00:00+00:00,3733600.0,3713480.0,0
2021-06-13 00:00:00+00:00,3733600.0,3714969.0,0
2021-06-14 00:00:00+00:00,3741767.0,3715518.0,0
2021-06-15 00:00:00+00:00,3745199.0,3716170.0,0
2021-06-16 00:00:00+00:00,3749031.0,3717625.0,0
2021-06-17 00:00:00+00:00,3753228.0,3718955.0,0
2021-06-18 00:00:00+00:00,3757442.0,3720031.0,0
2021-06-19 00:00:00+00:00,3757442.0,3721139.0,0
2021-06-20 00:00:00+00:00,3757442.0,3721981.0,0
2021-06-21 00:00:00+00:00,3764651.0,3722327.0,0
2021-06-22 00:00:00+00:00,3768691.0,3722782.0,0
2021-06-23 00:00:00+00:00,3773032.0,3723798.0,0
2021-06-24 00:00:00+00:00,3777539.0,3724806.0,0
2021-06-25 00:00:00+00:00,3782463.0,3725580.0,0
2021-06-26 00:00:00+00:00,3782463.0,3726172.0,0
2021-06-27 00:00:00+00:00,3782463.0,3726710.0,0
2021-06-28 00:00:00+00:00,3792642.0,3726929.0,0
2021-06-29 00:00:00+00:00,3799733.0,3727333.0,0
2021-06-30 00:00:00+00:00,3808960.0,3728141.0,0
2021-07-01 00:00:00+00:00,3821305.0,3729033.0,0
2021-07-02 00:00:00+00:00,3833868.0,3729682.0,0
2021-07-03 00:00:00+00:00,3833868.0,3730353.0,0
2021-07-04 00:00:00+00:00,3833868.0,3730912.0,0
2021-07-05 00:00:00+00:00,3866475.0,3731124.0,0
2021-07-06 00:00:00+00:00,3880612.0,3731564.0,0
2021-07-07 00:00:00+00:00,3897996.0,3732549.0,0
2021-07-08 00:00:00+00:00,3915313.0,3733519.0,0
2021-07-09 00:00:00+00:00,3937192.0,3734468.0,0
2021-07-10 00:00:00+00:00,3937192.0,3735420.0,0
2021-07-11 00:00:00+00:00,3937192.0,3736165.0,0
2021-07-12 00:00:00+00:00,3971124.0,3736489.0,0
2021-07-13 00:00:00+00:00,4015084.0,3737135.0,0
2021-07-14 00:00:00+00:00,4041474.0,3738683.0,0
2021-07-15 00:00:00+00:00,4069162.0,3740325.0,0
2021-07-16 00:00:00+00:00,4100222.0,3741781.0,0
2021-07-17 00:00:00+00:00,4100222.0,3743389.0,0
2021-07-18 00:00:00+00:00,4100222.0,3744681.0,0
2021-07-19 00:00:00+00:00,4161850.0,3745227.0,0
2021-07-20 00:00:00+00:00,4189136.0,3746410.0,0
2021-07-21 00:00:00+00:00,4219723.0,3748613.0,0
2021-07-22 00:00:00+00:00,4249258.0,3750503.0,0
2021-07-23 00:00:00+00:00,4280429.0,3752592.0,0
2021-07-24 00:00:00+00:00,4280429.0,3754511.0,0
2021-07-25 00:00:00+00:00,4280429.0,3755898.0,0
2021-07-26 00:00:00+00:00,4342054.0,3756856.0,0
2021-07-27 00:00:00+00:00,4368453.0,3758401.0,0
2021-07-28 00:00:00+00:00,4395602.0,3761169.0,0
2021-07-29 00:00:00+00:00,4422291.0,3764311.0,0
2021-07-30 00:00:00+00:00,4447044.0,3766765.0,0
2021-07-31 00:00:00+00:00,4447044.0,3769165.0,0
2021-08-01 00:00:00+00:00,4447044.0,3771262.0,0
2021-08-02 00:00:00+00:00,4502983.0,3772109.0,0
2021-08-03 00:00:00+00:00,4523310.0,3773875.0,0
2021-08-04 00:00:00+00:00,4545184.0,3777446.0,0
2021-08-05 00:00:00+00:00,4566571.0,3780985.0,0
2021-08-06 00:00:00+00:00,4588132.0,3784433.0,0
2021-08-07 00:00:00+00:00,4588132.0,3787639.0,0
2021-08-08 00:00:00+00:00,4588132.0,3790766.0,0
2021-08-09 00:00:00+00:00,4627770.0,3791949.0,0
2021-08-10 00:00:00+00:00,4643450.0,3794429.0,0
2021-08-11 00:00:00+00:00,4660473.0,3799425.0,0
2021-08-12 00:00:00+00:00,4677883.0,3805063.0,0
2021-08-13 00:00:00+00:00,4693540.0,3810641.0,0
2021-08-14 00:00:00+00:00,4693540.0,3816285.0,0
2021-08-15 00:00:00+00:00,4693540.0,3821013.0,0
2021-08-16 00:00:00+00:00,4719266.0,3823139.0,0
2021-08-17 00:00:00+00:00,4733602.0,3827051.0,0
2021-08-18 00:00:00+00:00,4745558.0,3835375.0,0
2021-08-19 00:00:00+00:00,4758003.0,3843775.0,0
2021-08-20 00:00:00+00:00,4770453.0,3853055.0,0
2021-08-21 00:00:00+00:00,4770453.0,3861147.0,0
2021-08-22 00:00:00+00:00,4770453.0,3868197.0,0
2021-08-23 00:00:00+00:00,4794352.0,3871865.0,0
2021-08-24 00:00:00+00:00,4804424.0,3877612.0,0
2021-08-25 00:00:00+00:00,4815205.0,3889173.0,0
2021-08-26 00:00:00+00:00,4822320.0,3901799.0,0
2021-08-27 00:00:00+00:00,4831809.0,3913828.0,0
2021-08-28 00:00:00+00:00,4831809.0,3924131.0,0
2021-08-29 00:00:00+00:00,4831809.0,3932547.0,0
2021-08-30 00:00:00+00:00,4847298.0,3937106.0,0
2021-08-31 00:00:00+00:00,4855065.0,3942856.0,0
2021-09-01 00:00:00+00:00,4861883.0,3956387.0,0
2021-09-02 00:00:00+00:00,4871444.0,3970102.0,0
2021-09-03 00:00:00+00:00,4877755.0,3984353.0,0
2021-09-04 00:00:00+00:00,4877755.0,3995188.0,0
2021-09-05 00:00:00+00:00,4877755.0,4005641.0,0
2021-09-06 00:00:00+00:00,4887112.0,4010390.0,0
2021-09-07 00:00:00+00:00,4892640.0,4017116.0,0
2021-09-08 00:00:00+00:00,4898258.0,4030681.0,0
2021-09-09 00:00:00+00:00,4903021.0,4046112.0,0
2021-09-10 00:00:00+00:00,4907461.0,4059081.0,0
2021-09-11 00:00:00+00:00,4907461.0,4070295.0,0
2021-09-12 00:00:00+00:00,4907461.0,4077640.0,0
2021-09-13 00:00:00+00:00,4915265.0,4083151.0,0
2021-09-14 00:00:00+00:00,4918526.0,4089476.0,0
2021-09-15 00:00:00+00:00,4922249.0,4101931.0,0
2021-09-16 00:00:00+00:00,4926324.0,4114856.0,0
2021-09-17 00:00:00+00:00,4929546.0,4125878.0,0
2021-09-18 00:00:00+00:00,4929546.0,4134779.0,0
2021-09-19 00:00:00+00:00,4929546.0,4142116.0,0
2021-09-20 00:00:00+00:00,4935534.0,4145852.0,0
2021-09-21 00:00:00+00:00,4937984.0,4150516.0,0
2021-09-22 00:00:00+00:00,4940824.0,4160970.0,0
2021-09-23 00:00:00+00:00,4943855.0,4171666.0,0
2021-09-24 00:00:00+00:00,4946601.0,4181393.0,0
2021-09-25 00:00:00+00:00,4946601.0,4188604.0,0
2021-09-26 00:00:00+00:00,4946601.0,4196378.0,0
2021-09-27 00:00:00+00:00,4951640.0,4199400.0,0
2021-09-28 00:00:00+00:00,4953930.0,4203571.0,0
2021-09-29 00:00:00+00:00,4956691.0,4215351.0,0
2021-09-30 00:00:00+00:00,4959091.0,4227501.0,0
2021-10-01 00:00:00+00:00,4961128.0,4237619.0,0
2021-10-02 00:00:00+00:00,4961128.0,4246136.0,0
2021-10-03 00:00:00+00:00,4961128.0,4252300.0,0
2021-10-04 00:00:00+00:00,4965399.0,4255388.0,0
2021-10-05 00:00:00+00:00,4967200.0,4260187.0,0
2021-10-06 00:00:00+00:00,4969503.0,4271734.0,0
2021-10-07 00:00:00+00:00,4971310.0,4283378.0,0
2021-10-08 00:00:00+00:00,4973619.0,4293807.0,0
2021-10-09 00:00:00+00:00,4973619.0,4302661.0,0
2021-10-10 00:00:00+00:00,4973619.0,4310273.0,0
2021-10-11 00:00:00+00:00,4977448.0,4313384.0,0
2021-10-12 00:00:00+00:00,4977448.0,4318355.0,0
2021-10-13 00:00:00+00:00,4980206.0,4330258.0,0
2021-10-14 00:00:00+00:00,4982138.0,4342640.0,0
2021-10-15 00:00:00+00:00,4984386.0,4354158.0,0
2021-10-16 00:00:00+00:00,4984386.0,4365107.0,0
2021-10-17 00:00:00+00:00,4984386.0,4373789.0,0
2021-10-18 00:00:00+00:00,4988878.0,4377845.0,0
2021-10-19 00:00:00+00:00,4990767.0,4384616.0,0
2021-10-20 00:00:00+00:00,4993295.0,4401631.0,0
2021-10-21 00:00:00+00:00,4995176.0,4417708.0,0
2021-10-22 00:00:00+00:00,4997732.0,4437280.0,0
2021-10-23 00:00:00+00:00,4997732.0,4452425.0,0
2021-10-24 00:00:00+00:00,4997732.0,4466157.0,0
2021-10-25 00:00:00+00:00,5002217.0,4472730.0,0
2021-10-26 00:00:00+00:00,5004143.0,4483203.0,0
2021-10-27 00:00:00+00:00,5006675.0,4506415.0,0
2021-10-28 00:00:00+00:00,5008887.0,4534452.0,0
2021-10-29 00:00:00+00:00,5011148.0,4559120.0,0
2021-10-30 00:00:00+00:00,5011148.0,4580663.0,0
2021-10-31 00:00:00+00:00,5011148.0,4597550.0,0
2021-11-01 00:00:00+00:00,5011148.0,4607208.0,0
2021-11-02 00:00:00+00:00,5016968.0,4618021.0,0
2021-11-03 00:00:00+00:00,5019255.0,4638419.0,0
2021-11-04 00:00:00+00:00,5022546.0,4672368.0,0
2021-11-05 00:00:00+00:00,5025639.0,4709488.0,0
2021-11-06 00:00:00+00:00,5025639.0,4743490.0,0
2021-11-07 00:00:00+00:00,5025639.0,4767033.0,0
2021-11-08 00:00:00+00:00,5032056.0,4782546.0,0
2021-11-09 00:00:00+00:00,5032056.0,4804378.0,0
2021-11-10 00:00:00+00:00,5038517.0,4844054.0,0
2021-11-11 00:00:00+00:00,5042803.0,4894250.0,0
2021-11-12 00:00:00+00:00,5047156.0,4942890.0,0
2021-11-13 00:00:00+00:00,5047156.0,4987971.0,0
2021-11-14 00:00:00+00:00,5047156.0,5021469.0,0
2021-11-15 00:00:00+00:00,5056954.0,5045076.0,0
2021-11-16 00:00:00+00:00,5061045.0,5077124.0,0
2021-11-17 00:00:00+00:00,5067712.0,5129950.0,0
2021-11-18 00:00:00+00:00,5074027.0,5195321.0,0
2021-11-19 00:00:00+00:00,5080663.0,5248291.0,0
2021-11-20 00:00:00+00:00,5080663.0,5312215.0,0
2021-11-21 00:00:00+00:00,5080663.0,5354942.0,0
2021-11-22 00:00:00+00:00,5096538.0,5385585.0,0
2021-11-23 00:00:00+00:00,5103315.0,5430911.0,0
2021-11-24 00:00:00+00:00,5111842.0,5497795.0,0
2021-11-25 00:00:00+00:00,5121100.0,5573756.0,0
2021-11-26 00:00:00+00:00,5131012.0,5650170.0,0
2021-11-27 00:00:00+00:00,5131012.0,5717295.0,0
2021-11-28 00:00:00+00:00,5131012.0,5761696.0,0
2021-11-29 00:00:00+00:00,5153923.0,5791060.0,0
2021-11-30 00:00:00+00:00,5164184.0,5836813.0,0
2021-12-01 00:00:00+00:00,5174720.0,5903999.0,0
2021-12-02 00:00:00+00:00,5189220.0,5977208.0,0
2021-12-03 00:00:00+00:00,5202958.0,6051560.0,0
2021-12-04 00:00:00+00:00,5202958.0,6116070.0,0
2021-12-05 00:00:00+00:00,5202958.0,6158125.0,0
2021-12-06 00:00:00+00:00,5202958.0,6185961.0,0
2021-12-07 00:00:00+00:00,5246766.0,6222020.0,0
2021-12-08 00:00:00+00:00,5246766.0,6291621.0,0
2021-12-09 00:00:00+00:00,5273178.0,6362232.0,0
2021-12-10 00:00:00+00:00,5290273.0,6423520.0,0
2021-12-11 00:00:00+00:00,5290190.0,6477217.0,0
2021-12-12 00:00:00+00:00,5290190.0,6509863.0,0
2021-12-13 00:00:00+00:00,5339992.0,6531606.0,0
2021-12-14 00:00:00+00:00,5366128.0,6562429.0,0
2021-12-15 00:00:00+00:00,5393268.0,6613730.0,0
2021-12-16 00:00:00+00:00,5422168.0,6670407.0,0
2021-12-17 00:00:00+00:00,5455527.0,6721375.0,0
2021-12-18 00:00:00+00:00,5455527.0,6764188.0,0
2021-12-19 00:00:00+00:00,5455527.0,6793536.0,0
2021-12-20 00:00:00+00:00,5535231.0,6809622.0,0
2021-12-21 00:00:00+00:00,5585054.0,6833050.0,0
2021-12-22 00:00:00+00:00,5645095.0,6878709.0,0
2021-12-23 00:00:00+00:00,5718007.0,6923636.0,0
2021-12-24 00:00:00+00:00,5718007.0,6959067.0,0
2021-12-25 00:00:00+00:00,5718007.0,6981281.0,0
2021-12-26 00:00:00+00:00,5718007.0,6991381.0,0
2021-12-27 00:00:00+00:00,5932626.0,7005289.0,0
2021-12-28 00:00:00+00:00,6032297.0,7026369.0,0
2021-12-29 00:00:00+00:00,6133057.0,7066412.0,0
2021-12-30 00:00:00+00:00,6294745.0,7109182.0,0
2021-12-31 00:00:00+00:00,6294745.0,7150422.0,0
2022-01-01 00:00:00+00:00,6294745.0,7176814.0,0
2022-01-02 00:00:00+00:00,6294745.0,7189329.0,0
2022-01-03 00:00:00+00:00,6667511.0,7207847.0,0
2022-01-04 00:00:00+00:00,6785286.0,7238408.0,0
2022-01-05 00:00:00+00:00,6922466.0,7297320.0,0
2022-01-06 00:00:00+00:00,6922466.0,7361660.0,0
2022-01-07 00:00:00+00:00,7164906.0,7417995.0,0
2022-01-08 00:00:00+00:00,7164906.0,7473884.0,0
2022-01-09 00:00:00+00:00,7164906.0,7510436.0,0
2022-01-10 00:00:00+00:00,7457300.0,7535691.0,0
2022-01-11 00:00:00+00:00,7592242.0,7581381.0,0
2022-01-12 00:00:00+00:00,7771367.0,7661811.0,0
2022-01-13 00:00:00+00:00,7930528.0,7743228.0,0
2022-01-14 00:00:00+00:00,8093036.0,7835451.0,0
2022-01-15 00:00:00+00:00,8093036.0,7913473.0,0
2022-01-16 00:00:00+00:00,8093036.0,7965977.0,0
2022-01-17 00:00:00+00:00,8424503.0,8000122.0,0
2022-01-18 00:00:00+00:00,8518975.0,8074527.0,0
2022-01-19 00:00:00+00:00,8676916.0,8186850.0,0
2022-01-20 00:00:00+00:00,8834363.0,8320386.0,0
2022-01-21 00:00:00+00:00,8975458.0,8460546.0,0
2022-01-22 00:00:00+00:00,8975458.0,8596007.0,0
2022-01-23 00:00:00+00:00,8975458.0,8681447.0,0
2022-01-24 00:00:00+00:00,9280890.0,8744840.0,0
2022-01-25 00:00:00+00:00,9395767.0,8871795.0,0
2022-01-26 00:00:00+00:00,9529320.0,9035795.0,0
2022-01-27 00:00:00+00:00,9660208.0,9238931.0,0
2022-01-28 00:00:00+00:00,9779130.0,9429079.0,0
2022-01-29 00:00:00+00:00,9779130.0,9618245.0,0
2022-01-30 00:00:00+00:00,9779130.0,9737215.0,0
2022-01-31 00:00:00+00:00,9961253.0,9815533.0,0
2022-02-01 00:00:00+00:00,10039126.0,9978146.0,0
2022-02-02 00:00:00+00:00,10125348.0,10186644.0,0
2022-02-03 00:00:00+00:00,10199716.0,10422764.0,0
2022-02-04 00:00:00+00:00,10199716.0,10671602.0,0
2022-02-05 00:00:00+00:00,10199716.0,10889417.0,0
2022-02-06 00:00:00+00:00,10199716.0,11022590.0,0
2022-02-07 00:00:00+00:00,10395471.0,11117857.0,0
2022-02-08 00:00:00+00:00,10439302.0,11287428.0,0
2022-02-09 00:00:00+00:00,10502141.0,11521678.0,0
2022-02-10 00:00:00+00:00,10555196.0,11769540.0,0
2022-02-11 00:00:00+00:00,10604200.0,12009712.0,0
2022-02-12 00:00:00+00:00,10604200.0,12219501.0,0
2022-02-13 00:00:00+00:00,10604200.0,12344661.0,0
2022-02-14 00:00:00+00:00,10672906.0,12421126.0,0
2022-02-15 00:00:00+00:00,10707286.0,12580343.0,0
2022-02-16 00:00:00+00:00,10744394.0,12800315.0,0
2022-02-17 00:00:00+00:00,10778607.0,13035941.0,0
2022-02-18 00:00:00+00:00,10809222.0,13255989.0,0
2022-02-19 00:00:00+00:00,10809222.0,13445094.0,0
2022-02-20 00:00:00+00:00,10809222.0,13563126.0,0
2022-02-21 00:00:00+00:00,10858000.0,13636993.0,0
2022-02-22 00:00:00+00:00,10880193.0,13762895.0,0
2022-02-23 00:00:00+00:00,10914105.0,13971947.0,0
2022-02-24 00:00:00+00:00,10949997.0,14188269.0,0
2022-02-25 00:00:00+00:00,10977524.0,14399012.0,0
2022-02-26 00:00:00+00:00,10977524.0,14574845.0,0
2022-02-27 00:00:00+00:00,10977524.0,14682758.0,0
2022-02-28 00:00:00+00:00,10977524.0,14745107.0,0
2022-03-01 00:00:00+00:00,11036085.0,14867218.0,0
2022-03-02 00:00:00+00:00,11054888.0,15053624.0,0
2022-03-03 00:00:00+00:00,11078028.0,15264297.0,0
2022-03-04 00:00:00+00:00,11100428.0,15481890.0,0
2022-03-05 00:00:00+00:00,11100428.0,15674100.0,0
2022-03-06 00:00:00+00:00,11100428.0,15790989.0,0
2022-03-07 00:00:00+00:00,11136425.0,15869417.0,0
2022-03-08 00:00:00+00:00,11159574.0,16026216.0,0
2022-03-09 00:00:00+00:00,11181510.0,16242070.0,0
2022-03-10 00:00:00+00:00,11204125.0,16504822.0,0
2022-03-11 00:00:00+00:00,11223974.0,16757658.0,0
2022-03-12 00:00:00+00:00,11223974.0,16994744.0,0
2022-03-13 00:00:00+00:00,11223974.0,17141351.0,0
2022-03-14 00:00:00+00:00,11223974.0,17233729.0,0
2022-03-15 00:00:00+00:00,11260040.0,17432617.0,0
2022-03-16 00:00:00+00:00,11260040.0,17695210.0,0
2022-03-17 00:00:00+00:00,11260040.0,17990141.0,0
2022-03-18 00:00:00+00:00,11324637.0,18287986.0,0
2022-03-19 00:00:00+00:00,11324637.0,18548225.0,0
2022-03-20 00:00:00+00:00,11324637.0,18680017.0,0
2022-03-21 00:00:00+00:00,11324637.0,18772331.0,0
2022-03-22 00:00:00+00:00,11378784.0,18994411.0,0
2022-03-23 00:00:00+00:00,11378784.0,19278143.0,0
2022-03-24 00:00:00+00:00,11378784.0,19596530.0,0
2022-03-25 00:00:00+00:00,11451676.0,19893028.0,0
2022-03-26 00:00:00+00:00,11451676.0,20145054.0,0
2022-03-27 00:00:00+00:00,11451676.0,20256278.0,0
2022-03-28 00:00:00+00:00,11451676.0,20323779.0,0
2022-03-29 00:00:00+00:00,11508309.0,20561131.0,0
2022-03-30 00:00:00+00:00,11508309.0,20829608.0,0
2022-03-31 00:00:00+00:00,11508309.0,21357095.0,0
2022-04-01 00:00:00+00:00,11551574.0,21357039.0,0
2022-04-02 00:00:00+00:00,11551574.0,21553495.0,0
2022-04-03 00:00:00+00:00,11551574.0,21668677.0,0
2022-04-04 00:00:00+00:00,11551574.0,21668677.0,0
2022-04-05 00:00:00+00:00,11578653.0,21849074.0,0
2022-04-06 00:00:00+00:00,11578653.0,22265788.0,0
2022-04-07 00:00:00+00:00,11578653.0,22441051.0,0
2022-04-08 00:00:00+00:00,11627487.0,22591726.0,0
2022-04-09 00:00:00+00:00,11627487.0,22647197.0,0
2022-04-10 00:00:00+00:00,11627487.0,22677986.0,0
2022-04-11 00:00:00+00:00,11627487.0,22878428.0,0
2022-04-12 00:00:00+00:00,11662214.0,23017079.0,0
2022-04-13 00:00:00+00:00,11662214.0,23182447.0,0
2022-04-14 00:00:00+00:00,11662214.0,23339311.0,0
2022-04-15 00:00:00+00:00,11662214.0,23376879.0,0
2022-04-16 00:00:00+00:00,11662214.0,23416663.0,0
2022-04-17 00:00:00+00:00,11662214.0,23437145.0,0
2022-04-18 00:00:00+00:00,11662214.0,23459628.0,0
2022-04-19 00:00:00+00:00,11736893.0,23658211.0,0
2022-04-20 00:00:00+00:00,11736893.0,23844536.0,0
2022-04-21 00:00:00+00:00,11736893.0,24006254.0,0
2022-04-22 00:00:00+00:00,11786036.0,24141333.0,0
2022-04-23 00:00:00+00:00,11786036.0,24180512.0,0
2022-04-24 00:00:00+00:00,11786036.0,24200596.0,0
2022-04-25 00:00:00+00:00,11786036.0,24337394.0,0
2022-04-26 00:00:00+00:00,11833457.0,24337394.0,0
2022-04-27 00:00:00+00:00,11833457.0,24609159.0,0
2022-04-28 00:00:00+00:00,11833457.0,24710769.0,0
2022-04-29 00:00:00+00:00,11896152.0,24798067.0,0
2022-04-30 00:00:00+00:00,11896152.0,24809785.0,0
2022-05-01 00:00:00+00:00,11896152.0,24813817.0,0
2022-05-02 00:00:00+00:00,11896152.0,24927339.0,0
2022-05-03 00:00:00+00:00,11953481.0,25033970.0,0
2022-05-04 00:00:00+00:00,11953481.0,25130137.0,0
2022-05-05 00:00:00+00:00,11953481.0,25215210.0,0
2022-05-06 00:00:00+00:00,12009059.0,25287462.0,0
2022-05-07 00:00:00+00:00,12009059.0,25295950.0,0
2022-05-08 00:00:00+00:00,12009059.0,25299300.0,0
2022-05-09 00:00:00+00:00,12058888.0,25406868.0,0
2022-05-10 00:00:00+00:00,12058888.0,25503878.0,0
2022-05-11 00:00:00+00:00,12058888.0,25592839.0,0
2022-05-12 00:00:00+00:00,12058888.0,25661838.0,0
2022-05-13 00:00:00+00:00,12127122.0,25723697.0,0
2022-05-14 00:00:00+00:00,12127122.0,25729848.0,1
2022-05-15 00:00:00+00:00,12127122.0,25732153.0,1
2022-05-16 00:00:00+00:00,12127122.0,25818405.0,1
2022-05-17 00:00:00+00:00,12179234.0,25890456.0,1
2022-05-18 00:00:00+00:00,12179234.0,25949175.0,1
2022-05-19 00:00:00+00:00,12179234.0,25998085.0,1
2022-05-20 00:00:00+00:00,12179234.0,26040460.0,1
2022-05-21 00:00:00+00:00,12234806.0,26044283.0,1
2022-05-22 00:00:00+00:00,12234806.0,26045528.0,1
2022-05-23 00:00:00+00:00,12234806.0,26109965.0,1
2022-05-24 00:00:00+00:00,12238073.0,26159106.0,1
2022-05-25 00:00:00+00:00,12238073.0,26198811.0,1
2022-05-26 00:00:00+00:00,12280345.0,26200663.0,1
2022-05-27 00:00:00+00:00,12326264.0,26240639.0,1
2022-05-28 00:00:00+00:00,12326264.0,26243352.0,1
2022-05-29 00:00:00+00:00,12326264.0,26244107.0,1
2022-05-30 00:00:00+00:00,12326264.0,26305996.0,1
2022-05-31 00:00:00+00:00,12326264.0,26360953.0,1
2022-06-01 00:00:00+00:00,12360256.0,26409455.0,1
2022-06-02 00:00:00+00:00,12360256.0,26452148.0,1
2022-06-03 00:00:00+00:00,12403245.0,26493235.0,1
2022-06-04 00:00:00+00:00,12403245.0,26493235.0,1
2022-06-05 00:00:00+00:00,12403245.0,26496611.0,1
2022-06-06 00:00:00+00:00,12403245.0,26498361.0,1
2022-06-07 00:00:00+00:00,12436538.0,26583016.0,1
2022-06-08 00:00:00+00:00,12436538.0,26660652.0,1
2022-06-09 00:00:00+00:00,12436538.0,26738530.0,1
2022-06-10 00:00:00+00:00,12478994.0,26803867.0,1
2022-06-11 00:00:00+00:00,12478994.0,26803867.0,1
2022-06-12 00:00:00+00:00,12478994.0,26809245.0,1
2022-06-13 00:00:00+00:00,12478994.0,26915085.0,1
2022-06-14 00:00:00+00:00,12515127.0,27007429.0,1
2022-06-15 00:00:00+00:00,12515127.0,27096571.0,1
2022-06-16 00:00:00+00:00,12515127.0,27124689.0,1
2022-06-17 00:00:00+00:00,12563399.0,27204953.0,1
2022-06-18 00:00:00+00:00,12563399.0,27204955.0,1
2022-06-19 00:00:00+00:00,12563399.0,27211896.0,1
2022-06-20 00:00:00+00:00,12563399.0,27334993.0,1
2022-06-21 00:00:00+00:00,12613634.0,27454225.0,1
2022-06-22 00:00:00+00:00,12613634.0,27573585.0,1
2022-06-23 00:00:00+00:00,12613634.0,27681775.0,1
2022-06-24 00:00:00+00:00,12681820.0,27771111.0,1
2022-06-25 00:00:00+00:00,12681820.0,27771112.0,1
2022-06-26 00:00:00+00:00,,,1
